der,abend,evening
das,abendessen,dinner
das,abendessen,supper
das,abenteuer,adventure
die,absicht,purpose
die,absicht,intention
der,absturz,crash
die,abteilung,department
die,abwesenheit,absence
der,abzug,trigger
die,achselzucken,shrug
der,achsschenkel,knuckle
die,ad,ad
der,adler,eagle
die,adresse,address
der,affe,monkey
die,affäre,affair
der,agent,agent
die,agentur,agency
der,akt,act
die,aktentasche,briefcase
die,aktie,stock
die,aktion,action
die,aktivität,activity
der,akzent,accent
der,albtraum,nightmare
das,alien,alien
der,alkohol,alcohol
die,allgemeine,general
der,altar,altar
das,alter,age
die,ameise,ant
die,amerikaner,american
die,anderen,others
der,anfang,beginning
der,anfang,start
die,anforderung,request
das,angebot,offer
die,angel,fishing
der,angestellte,clerk
die,angewohnheit,habit
der,angriff,attack
die,angst,fear
die,angst,anxiety
der,anhänger,trailer
die,anhörung,hearing
die,ankunft,arrival
die,anleitung,instruction
der,anruf,call
der,ansatz,approach
der,anspruch,claim
der,ansturm,rush
die,antwort,answer
die,antwort,response
die,antwort,reply
der,anwalt,lawyer
der,anwalt,attorney
das,anwesen,estate
die,anzahl,number
der,anzug,suit
der,apfel,apple
die,arbeit,work
der,arbeiter,worker
der,arbeitnehmer,employee
das,argument,argument
der,arm,arm
die,armee,army
das,arschloch,asshole
die,art,kind
die,art,sort
die,arten,species
den,artikel,article
die,asche,ash
das,aspekt,aspect
das,ass,ace
der,assistent,assistant
der,ast,branch
der,atem,breath
das,atem,breathing
die,attitüde,attitude
das,auf,goodbye
die,auffahrt,driveway
die,aufgabe,task
der,aufgang,rise
die,aufmerksamkeit,attention
der,aufnehmer,pickup
der,aufprall,impact
die,aufregung,excitement
der,aufwand,effort
der,aufwand,expense
der,aufzug,elevator
das,auge,eye
die,augenbraue,eyebrow
das,augenlid,eyelid
der,ausdruck,expression
der,ausgang,exit
die,ausrüstung,equipment
die,aussage,statement
das,aussehen,look
die,aussicht,view
der,austausch,exchange
das,auto,car
die,autobahn,highway
der,autor,author
die,autorität,authority
das,baby,baby
der,bach,creek
der,backofen,oven
das,bad,bathroom
das,bad,bath
der,bahnhof,station
die,balance,balance
der,balkon,balcony
der,ball,ball
der,ballon,balloon
die,band,band
das,band,tape
das,band,tie
die,bank,bank
die,bank,bench
die,bar,bar
der,barkeeper,bartender
die,barmherzigkeit,mercy
der,bart,beard
die,baseball,baseball
der,basketball,basketball
der,bastard,bastard
die,batterie,battery
der,bauch,stomach
der,bauch,belly
der,bauer,farmer
der,bauernhof,farm
der,baum,tree
die,baumwolle,cotton
der,beat,beat
der,becher,mug
das,bedauern,regret
die,bedeutung,meaning
die,bedingung,condition
die,bedrohung,threat
das,bedürfnis,need
der,befehl,command
die,begegnung,encounter
die,begeisterung,enthusiasm
der,begleiter,companion
der,begleiter,attendant
der,begriff,term
das,begräbnis,funeral
die,begrüßung,greeting
die,behandlung,treatment
das,bein,leg
das,beispiel,example
die,bekleidung,clothing
das,belle,belle
die,bemerkung,remark
die,beobachtung,observation
der,bereich,range
der,berg,mountain
der,berg,mount
der,beruf,job
die,berührung,touch
die,besatzung,crew
die,beschreibung,description
die,beschwerde,complaint
der,besitz,possession
die,bestellung,order
der,besuch,visit
der,besucher,visitor
der,betreiber,operator
das,bett,bed
der,beutel,bag
die,bevölkerung,population
die,bewegung,movement
die,bewegung,motion
die,bewegung,move
der,beweis,evidence
der,beweis,proof
der,bewohner,resident
das,bewusstsein,consciousness
die,beziehung,relation
die,bibel,bible
die,bibliothek,library
die,biene,bee
das,bier,beer
das,biest,beast
das,bild,picture
das,bild,image
der,bildschirm,screen
der,bildschirm,display
der,bildschirm,monitor
die,bildung,education
die,bindung,bond
der,bischof,bishop
der,biss,bite
die,bit,bit
die,bitch,bitch
die,blase,bubble
das,blatt,leaf
das,blatt,sheet
das,blaue,blue
der,bleistift,pencil
die,blendung,glare
der,blick,gaze
der,blick,glance
der,blick,glimpse
der,blitz,flash
der,blitz,lightning
der,block,block
die,blume,flower
die,bluse,blouse
das,blut,blood
der,bluterguss,bruise
die,bob,bob
der,boden,floor
der,boden,ground
der,boden,bottom
der,bogen,bow
der,bogen,arch
die,bogen,arc
der,bogenschütze,archer
die,bohne,bean
der,bolzen,bolt
die,bombe,bomb
der,boom,boom
das,boot,boat
das,boot,boot
die,branche,industry
die,braune,brown
die,braut,bride
die,bremse,brake
der,brief,letter
die,brille,glasses
die,brise,breeze
das,brot,bread
der,bruder,brother
der,brunnen,fountain
die,brust,chest
die,brust,breast
die,brücke,bridge
das,buch,book
die,bucht,bay
der,buck,buck
der,bulle,bull
das,bullshit,bullshit
die,burg,castle
die,burst,burst
der,bus,bus
der,busch,bush
die,buster,buster
die,butter,butter
der,bär,bear
das,böse,evil
der,büffel,buffalo
das,bügeleisen,iron
die,bühne,stage
das,bündel,bunch
das,bündel,bundle
der,bürger,citizen
der,bürgermeister,mayor
der,bürgermeister,major
der,bürgersteig,sidewalk
der,bürgersteig,pavement
das,büro,office
das,büro,bureau
das,cafe,cafe
das,camp,camp
der,campus,campus
der,champagner,champagne
die,chance,chance
die,chancen,odds
das,chaos,chaos
der,charakter,character
der,charm,charm
der,chef,boss
der,chef,chief
die,china,china
der,chip,chip
die,chunk,chunk
der,clan,clan
die,clearing,clearing
der,club,club
die,cluster,cluster
der,code,code
das,college,college
der,computer,computer
der,container,container
der,cousin,cousin
der,cowboy,cowboy
die,creme,cream
der,cutter,cutter
das,dach,roof
der,dachboden,attic
die,dame,lady
der,dampf,steam
die,dank,thanks
die,datei,file
die,daten,data
der,datensatz,record
das,datum,date
der,daumen,thumb
der,deal,deal
das,deck,deck
die,decke,ceiling
die,decke,blanket
die,decke,quilt
der,deckel,lid
die,decker,decker
der,dekan,dean
das,denken,thinking
die,depression,depression
das,design,design
das,detail,detail
der,detektiv,detective
der,deutsche,german
das,diagramm,chart
der,diamant,diamond
die,dichtung,seal
die,dick,dick
der,dieb,thief
der,diener,servant
das,dienstmädchen,maid
das,diner,diner
das,ding,thing
der,dinosaurier,dinosaur
der,direktor,director
die,diskussion,discussion
die,distanz,distance
die,doc,doc
das,dock,dock
der,doktor,doctor
das,dokument,document
der,dolly,dolly
der,donner,thunder
das,dorf,village
die,dose,can
die,dose,tin
der,drache,dragon
das,drama,drama
der,drang,urge
der,dreck,dirt
der,druck,pressure
die,druck,print
der,dschungel,jungle
der,duft,scent
der,dummkopf,fool
die,dunkelheit,dark
der,durchgang,passage
der,durchhang,slack
die,durchschnitts,mean
die,dusche,shower
die,dämmerung,dusk
der,dämon,demon
die,ebene,plain
das,echo,echo
die,ecke,corner
die,ecke,edge
der,effekt,effect
die,ehe,marriage
die,ehefrau,wife
der,ehemann,husband
das,ehepaar,couple
die,ehre,honor
das,ei,egg
die,eiche,oak
das,eichhörnchen,squirrel
die,eigenschaft,feature
die,eigenschaft,property
die,eile,hurry
der,eimer,bucket
der,eindruck,impression
der,eine,one
der,eingang,entrance
die,eingeweide,gut
die,einheit,unit
das,einkaufen,shopping
die,einkaufshalle,mall
die,einladung,invitation
die,einrichtung,facility
der,einsatz,stake
die,einstellung,setting
der,eintritt,entry
der,einzelne,individual
das,eis,ice
die,eisenbahn,railroad
der,ekel,disgust
der,elefant,elephant
das,element,element
das,elend,misery
der,elf,elf
der,ellbogen,elbow
das,elternteil,parent
die,email,email
die,emotion,emotion
der,empfänger,receiver
das,ende,end
die,energie,energy
der,engel,angel
das,englisch,english
die,ente,duck
die,entscheidung,decision
die,entschuldigung,excuse
die,entschuldigung,apology
die,enttäuschung,disappointment
die,entwicklung,development
der,entwurf,draft
die,erde,earth
die,erde,soil
das,ereignis,event
der,erfolg,success
das,ergebnis,result
die,erkennung,recognition
die,erklärung,explanation
die,erlaubnis,permission
das,erlebnis,experience
die,ermittlung,investigation
die,erscheinung,appearance
die,erwachsene,adult
der,erzähler,narrator
die,eröffnung,opening
der,esel,ass
das,essen,food
das,essen,eating
die,eule,owl
die,exekutive,executive
die,existenz,existence
der,experte,expert
die,explosion,explosion
die,explosion,blast
die,fabrik,factory
das,fach,compartment
die,fackel,torch
der,faden,thread
der,fahrer,driver
der,fahrer,rider
das,fahrrad,bike
das,fahrrad,bicycle
die,fahrspur,lane
die,fahrt,drive
die,fahrt,ride
das,fahrzeug,vehicle
der,fall,case
der,fall,drop
die,falle,trap
die,falte,fold
die,familie,family
der,fan,fan
die,fantasie,fantasy
das,farbband,ribbon
die,farbe,color
die,farbe,paint
die,faust,fist
der,favorit,favorite
das,fazit,conclusion
die,feder,feather
die,fee,fairy
der,fehl,miss
der,fehler,mistake
der,fehler,fault
der,fehler,error
der,feind,enemy
das,feld,field
das,fell,fur
der,fels,rock
das,fenster,window
das,fernsehen,television
die,ferse,heel
die,festung,fort
das,fett,fat
das,feuer,fire
das,fieber,fever
die,figur,figure
die,fiktion,fiction
der,film,movie
der,film,film
der,finger,finger
die,finger,fingertip
der,fingernagel,fingernail
die,firma,firm
der,fisch,fish
das,fitnesscenter,gym
die,flagge,flag
die,flamme,flame
die,flasche,bottle
der,fleck,stain
die,fledermaus,bat
das,fleisch,flesh
das,fleisch,meat
die,fliese,tile
die,flotte,liquor
der,fluch,curse
die,flucht,escape
der,flug,flight
der,flug,fly
der,flughafen,airport
das,flugzeug,plane
das,flugzeug,airplane
das,fluid,fluid
der,flur,hallway
der,fluss,river
der,flügel,wing
die,flüssigkeit,liquid
das,flüstern,whisper
der,fokus,focus
der,ford,ford
die,form,shape
die,form,form
die,forschung,research
der,fortschritt,progress
das,foto,photo
der,fotograf,photographer
die,fotografie,photograph
die,fracht,cargo
die,frage,question
das,fragment,fragment
die,franzosen,french
die,frau,woman
die,freiheit,freedom
die,freiheit,liberty
der,fremde,stranger
die,freude,pleasure
die,freude,delight
der,freund,friend
der,freund,boyfriend
die,freundin,girlfriend
die,freundschaft,friendship
der,frieden,peace
der,friedhof,cemetery
die,frisur,hairstyle
die,front,front
der,frosch,frog
der,frost,frost
die,frustration,frustration
die,fröhlichkeit,happiness
der,frühling,spring
das,frühstück,breakfast
der,fuchs,fox
der,fund,discovery
der,funke,spark
die,funktion,function
der,fuß,foot
der,fußball,football
die,fähigkeit,ability
der,führer,leader
der,führer,guide
die,führung,lead
die,gabel,fork
die,gallerie,gallery
der,gang,aisle
die,gans,goose
das,ganze,lot
das,ganze,whole
die,garage,garage
die,gardine,curtain
der,garten,garden
das,gas,gas
die,gasse,alley
der,gast,guest
der,gastgeber,host
das,gasthaus,inn
die,gate,gate
das,gebet,prayer
das,gebiet,area
das,gebrüll,roar
die,geburt,birth
der,geburtstag,birthday
das,gebäude,building
der,gedanke,thought
das,gedicht,poem
die,geduld,patience
das,gedächtnis,memory
die,gefahr,danger
der,gefangene,prisoner
das,gefolge,wake
das,gefängnis,prison
das,gefängnis,jail
das,gefäss,jar
das,gefühl,feeling
das,gefühl,feel
der,gegenstand,item
das,geheimnis,secret
das,gehen,walking
das,gehirn,brain
der,geist,mind
der,geist,spirit
das,geld,money
das,geld,cash
der,geldbeutel,purse
der,geldbeutel,wallet
die,gelegenheit,opportunity
die,geliebte,mistress
das,gelächter,laughter
das,geländer,railing
die,gemeinde,community
das,gemälde,painting
das,gemüse,vegetable
das,gen,gene
die,generation,generation
das,genie,genius
der,gentleman,gentleman
das,gericht,court
das,gericht,dish
der,geruch,smell
der,geruch,odor
das,gerät,device
das,geräusch,noise
das,gerücht,rumor
das,geschenk,gift
das,geschenk,present
die,geschichte,story
die,geschichte,history
das,geschlecht,sex
der,geschmack,taste
die,geschwindigkeit,speed
die,geschwindigkeit,pace
das,geschäft,business
das,geschäft,store
das,geschäft,shop
der,geschäftsführer,manager
die,gesellschaft,society
das,gesetz,law
das,gesicht,face
das,gespenst,ghost
das,gespräch,talk
die,geste,gesture
die,gesundheit,health
das,getriebe,gear
das,getränk,drink
die,gewalt,violence
das,gewebe,fabric
das,gewebe,tissue
das,gewehr,rifle
das,gewicht,weight
die,gezeiten,tide
das,gift,poison
der,gigant,giant
die,gitarre,guitar
das,glas,glass
der,glaube,faith
der,glaube,belief
das,glied,limb
der,globus,globe
die,glocke,bell
das,glück,luck
das,glück,fortune
die,glühbirne,bulb
das,glühen,glow
die,gnade,grace
das,gold,gold
der,golf,golf
der,gott,god
der,gouverneur,governor
das,grab,grave
der,graben,ditch
der,grad,degree
der,graf,earl
das,gras,grass
der,grat,ridge
das,graue,gray
die,grenze,border
der,griff,grip
der,griff,handle
das,grinsen,grin
die,großmutter,grandmother
der,großvater,grandfather
die,grube,pit
der,grund,reason
der,grund,matter
der,grund,cause
die,grundlage,foundation
das,grunzen,grunt
die,gruppe,group
die,gruppe,gang
die,größe,size
das,grün,green
die,gummi,gum
die,gunst,favor
der,gurt,strap
das,gute,good
das,gänseblümchen,daisy
der,gürtel,belt
das,haar,hair
der,habicht,hawk
der,hafen,port
der,hafen,harbor
der,hain,grove
der,haken,hook
die,halle,hall
der,hals,neck
der,hals,throat
die,halskette,necklace
der,halt,stop
der,halt,hold
der,hammer,hammer
die,hand,hand
der,handel,trade
das,handgelenk,wrist
die,handlung,plot
der,handschuh,glove
das,handtuch,towel
die,handvoll,handful
das,handwerk,craft
die,hank,hank
der,hase,rabbit
die,haube,hood
das,haus,house
der,haushalt,household
der,hausschuh,slipper
das,haustier,pet
die,haut,skin
der,heap,heap
der,heilige,saint
der,held,hero
der,helm,helmet
das,hemd,shirt
die,herausforderung,challenge
der,herbst,fall
der,herbst,autumn
der,herd,stove
die,herde,herd
der,herr,lord
der,herr,mister
die,herrlichkeit,glory
das,herz,heart
der,herzog,duke
die,hexe,witch
die,hilfe,help
der,himmel,sky
der,himmel,heaven
der,hintergrund,background
der,hintern,butt
der,hinweis,hint
der,hirte,shepherd
die,hitze,heat
das,hochwasser,flood
die,hochzeit,wedding
der,hof,yard
der,hof,courtyard
die,hoffnung,hope
das,holz,wood
die,homer,homer
der,honig,honey
der,horizont,horizon
das,horn,horn
der,horror,horror
die,hose,pant
die,hosen,trousers
das,hotel,hotel
der,hub,stroke
der,hubschrauber,helicopter
das,huhn,chicken
der,humor,humor
der,hund,dog
der,hunger,hunger
die,hure,whore
der,hut,hat
die,hälfte,half
der,händler,dealer
der,händler,merchant
die,höhe,height
die,höhle,cave
die,höhle,den
die,hölle,hell
die,hüfte,hip
der,hügel,hill
der,hügel,mound
die,hülse,sleeve
die,hütte,cottage
die,hütte,hut
das,ich,self
die,idee,idea
die,identität,identity
der,idiot,idiot
die,illusion,illusion
die,impuls,pulse
der,impuls,impulse
die,indische,indian
die,information,information
der,ingenieur,engineer
der,inhalt,content
der,innenraum,interior
das,innere,inside
das,insekt,insect
die,insel,island
der,inspektor,inspector
die,instant,instant
der,instinkt,instinct
das,instrument,instrument
die,intelligenz,intelligence
die,intensität,intensity
die,interesse,interest
das,internet,net
das,interview,interview
die,iris,iris
die,jacke,jacket
das,jagd,hunting
die,jagd,chase
die,jagd,hunt
das,jahr,year
die,jahreszeit,season
das,jahrhundert,century
das,jahrzehnt,decade
die,jazz,jazz
die,jeans,jeans
der,jeep,jeep
die,jugend,youth
der,junge,boy
die,jungfrau,virgin
die,junk,junk
die,jury,jury
die,justiz,justice
das,juwel,jewel
der,jäger,hunter
das,kabel,wire
das,kabel,cable
das,kabinett,cabinet
der,kaffee,coffee
der,kaiser,emperor
die,kajüte,cabin
das,kalb,calf
die,kamera,camera
der,kamin,fireplace
die,kammer,chamber
die,kampagne,campaign
der,kampf,battle
der,kampf,fight
der,kampf,struggle
der,kampf,bout
der,kanal,channel
die,kapelle,chapel
das,kapital,capital
das,kapitel,chapter
der,kapitän,captain
die,kappe,cap
die,karriere,career
die,karte,card
die,karte,map
die,kartoffel,potato
die,katze,cat
der,keks,cookie
der,keller,basement
der,kellner,waiter
die,kellnerin,waitress
der,kerl,guy
der,kerl,fellow
der,kern,core
die,kerze,candle
die,kette,chain
der,kick,kick
der,kiefer,jaw
die,kiefer,pine
der,kies,gravel
das,kind,child
das,kind,kid
das,kind,babe
die,kindheit,childhood
das,kinn,chin
die,kirche,church
die,kirsche,cherry
das,kissen,pillow
die,kiste,box
die,kiste,crate
das,kit,kit
der,klang,sound
die,klasse,class
die,klasse,grade
das,klassenzimmer,classroom
die,klaue,claw
das,klavier,piano
das,kleid,dress
das,kleid,gown
die,kleider,clothes
die,kleidung,cloth
das,kleinkind,infant
der,klick,click
der,klient,client
die,klinge,blade
die,klinik,clinic
die,klippe,cliff
die,klopf,knock
der,klumpen,lump
der,knabe,lad
das,knie,knee
der,knochen,bone
der,knopf,button
der,knopf,knob
die,knospe,bud
der,knoten,knot
der,knöchel,ankle
der,koch,cook
das,kochen,cooking
der,koffer,suitcase
der,kofferraum,trunk
die,kohlen,coal
der,koks,coke
der,kollege,colleague
die,kolonie,colony
die,kolumne,column
die,kombination,combination
der,komfort,comfort
das,komitee,committee
der,kommandant,commander
der,kommentar,comment
die,kommode,dresser
die,kommunikation,communication
die,konferenz,conference
die,konsequenz,consequence
die,konstruktion,construction
der,kontakt,contact
das,konto,account
die,kontrolle,control
die,konzentration,concentration
das,konzept,concept
das,konzert,concert
der,kopf,head
das,kopfnicken,nod
der,kopfschmerz,headache
die,kopie,copy
der,korb,basket
das,korn,grain
der,korridor,corridor
die,kosten,cost
das,kostüm,costume
die,kraft,force
die,kraftstoff,fuel
der,kragen,collar
der,kran,crane
das,krankenhaus,hospital
die,krankenschwester,nurse
der,krankenwagen,ambulance
die,krankheit,disease
die,krankheit,illness
das,kraut,herb
die,kreation,creation
die,kreatur,creature
der,krebs,cancer
der,kredit,credit
der,kreis,circle
die,kreis,county
das,kreuz,cross
der,krieg,war
der,krieger,warrior
der,kriminelle,criminal
die,krise,crisis
der,kristall,crystal
die,krone,crown
die,krähe,crow
der,kuchen,cake
der,kuchen,pie
die,kugel,bullet
die,kuh,cow
die,kultur,culture
der,kumpel,buddy
der,kumpel,dude
dem,kunden,customer
die,kunst,art
der,kunststoff,plastic
das,kupfer,copper
die,kuppel,dome
der,kurs,course
die,kurve,curve
der,kuss,kiss
der,käfer,bug
der,käfig,cage
die,kälte,cold
die,kälte,chill
der,kämpfer,fighter
der,käse,cheese
der,könig,king
die,königin,queen
das,königreich,kingdom
das,können,skill
der,körper,body
die,küche,kitchen
der,kühlschrank,refrigerator
das,küken,chick
der,künstler,artist
die,küste,shore
die,küste,coast
das,labor,lab
das,lachen,laugh
die,ladung,charge
die,ladung,load
das,lamm,lamb
die,lampe,lamp
das,land,country
das,land,land
die,landschaft,landscape
die,landung,landing
die,lappen,rag
die,last,burden
die,laterne,lantern
die,lauf,run
der,lauf,barrel
der,lautsprecher,speaker
das,leben,life
die,lebenden,living
die,lebensdauer,lifetime
der,lebensmittel,grocery
das,leder,leather
das,leer,curb
die,legende,legend
der,lehrer,teacher
die,leiche,corpse
die,leichtigkeit,ease
die,leidenschaft,passion
das,leinen,linen
die,leinwand,canvas
die,leiste,ledge
die,leistung,performance
die,leiter,ladder
das,lesen,reading
der,leser,reader
der,leutnant,lieutenant
das,level,level
das,licht,light
die,liebe,love
der,liebe,dear
der,liebhaber,lover
der,liebling,darling
das,lied,song
die,lieferung,delivery
der,lift,lift
die,liga,league
das,limit,limit
die,linie,line
der,link,link
die,linse,lens
die,lippe,lip
der,lippenstift,lipstick
die,liste,list
die,literatur,literature
die,lizenz,license
der,lkw,truck
die,lobby,lobby
das,loch,hole
die,locke,curl
der,lorbeer,laurel
die,luft,air
die,luke,hatch
die,lunge,lung
das,lächeln,smile
die,länge,length
der,löffel,spoon
die,lösung,solution
der,löwe,lion
die,lücke,gap
die,lüge,lie
die,mac,mac
die,macht,power
die,madame,madame
das,magazin,magazine
die,magie,magic
die,mahlzeit,meal
der,mais,corn
das,makeup,makeup
der,maler,painter
die,mama,mom
die,mama,mama
die,mama,mommy
der,mangel,lack
der,mann,man
der,mann,male
die,mannschaft,squad
die,manschette,cuff
der,mantel,coat
der,mantel,cloak
die,marine,navy
die,marke,brand
der,markt,market
der,marmor,marble
der,marsch,march
die,maschine,machine
die,maske,mask
das,maß,measure
die,masse,mass
das,match,match
das,material,material
die,mathematik,math
die,matratze,mattress
die,matte,mat
die,mauer,wall
das,maultier,mule
der,maurer,mason
die,maus,mouse
das,maximum,maximum
die,medien,media
das,medikament,drug
die,medizin,medicine
das,meer,sea
die,meinung,opinion
der,meister,master
die,melodie,tune
die,menge,crowd
der,mensch,human
die,menschlichkeit,humanity
das,menü,menu
das,messer,knife
der,messestand,booth
das,messgerät,meter
der,messing,brass
das,metall,metal
die,methode,manner
die,methode,method
der,metzger,butcher
die,miete,rent
die,milch,milk
die,mine,mine
der,minister,minister
die,minute,minute
die,mission,mission
den,mist,crap
das,mitglied,member
das,mitleid,pity
das,mittagessen,lunch
die,mittags,noon
die,mitte,middle
die,mitten,midst
die,mitternachts,midnight
die,mode,fashion
das,model,model
der,moment,moment
das,momma,momma
der,monat,month
der,mond,moon
das,mondlicht,moonlight
das,monster,monster
der,mord,murder
der,morgen,morning
die,morgendämmerung,dawn
das,motel,motel
der,motor,engine
der,motor,motor
der,mund,mouth
die,muschel,shell
das,museum,museum
die,musik,music
der,musiker,musician
der,muskel,muscle
das,muster,pattern
das,muster,sample
der,mut,courage
die,mutter,mother
die,mutter,nut
das,mysterium,mystery
das,mädchen,girl
das,märchen,tale
die,möbel,furniture
die,möglichkeit,possibility
der,mönch,monk
der,mörder,killer
der,mörder,murderer
die,mühle,mill
der,müll,garbage
der,müll,trash
der,müll,waste
der,müller,miller
das,mündel,ward
die,münze,coin
der,nachbar,neighbor
die,nachbarschaft,neighborhood
die,nachfrage,demand
der,nachmittag,afternoon
die,nachricht,message
die,nachrichten,news
die,nacht,night
die,nadel,needle
der,nagel,nail
der,name,name
die,narbe,scar
die,nase,nose
das,nasenloch,nostril
die,nation,nation
die,natur,nature
der,nebel,fog
der,nebel,mist
die,neigung,affection
der,nerv,nerve
das,nest,nest
das,netz,web
das,netzwerk,network
die,neugier,curiosity
der,nippel,nipple
die,nonne,nun
der,nord,north
die,note,mark
das,notebook,notebook
der,notfall,emergency
die,notiz,note
die,notiz,notice
die,oberfläche,surface
der,oberschenkel,thigh
der,oberst,colonel
das,objekt,object
das,obst,fruit
das,offizielle,official
der,offizier,officer
das,ohr,ear
der,ohrring,earring
die,oma,grandma
der,onkel,uncle
der,opa,grandpa
die,oper,opera
die,operation,operation
die,operation,surgery
das,opfer,victim
die,option,option
die,orange,orange
die,organisation,organization
die,orgel,organ
der,ort,place
der,ort,location
der,osten,east
das,outfit,outfit
der,ozean,ocean
das,paar,pair
das,pad,pad
das,paket,package
die,pal,pal
der,palast,palace
die,palme,palm
die,panik,panic
der,panzer,tank
der,papa,daddy
die,papa,papa
das,papier,paper
die,parade,parade
das,parfüm,perfume
der,park,park
das,park,parking
der,partner,partner
die,party,party
der,pass,pass
der,passagier,passenger
das,pat,pat
der,patch,patch
der,patient,patient
die,patrouille,patrol
die,patty,patty
die,pause,pause
die,pause,break
die,periode,period
die,perle,pearl
die,person,person
das,personal,staff
die,persönlichkeit,personality
der,pfad,path
der,pfad,trail
die,pfanne,pan
der,pfarrer,reverend
die,pfeife,whistle
der,pfeil,arrow
das,pferd,horse
die,pflanze,plant
die,pflege,care
die,pflicht,duty
die,pfote,paw
das,pfund,pound
die,phantasie,imagination
das,picknick,picnic
der,pier,pier
die,pille,pill
der,pilot,pilot
der,pinsel,brush
der,pirat,pirate
die,piste,slope
die,pistole,pistol
die,pizza,pizza
das,plakat,poster
der,plan,plan
der,planet,planet
die,platform,platform
die,platte,panel
der,platz,spot
das,pochen,pounding
die,poesie,poetry
der,poet,poet
der,pol,pole
die,politik,politics
die,polizei,police
der,polizist,cop
der,polizist,policeman
die,pop,pop
die,portion,portion
das,porträt,portrait
die,position,position
die,post,post
die,post,mail
der,prediger,preacher
der,preis,price
der,preis,prize
die,presse,press
der,priester,priest
der,prinz,prince
die,prinzessin,princess
das,prinzip,principle
der,privatsphäre,privacy
das,problem,problem
das,produkt,product
die,produktion,production
der,professor,professor
das,profil,profile
das,programm,program
das,projekt,project
das,prospekt,prospect
der,protest,protest
das,protokoll,log
der,prozess,process
der,präsident,president
die,prüfung,check
das,publikum,audience
die,puff,puff
der,pullover,sweater
das,pulver,powder
die,pumpe,pump
der,punkt,point
der,punkt,dot
die,punktzahl,score
die,puppe,doll
das,quadrat,square
die,qualität,quality
die,quelle,source
der,rabbi,rabbi
das,rad,wheel
das,radio,radio
der,rahmen,frame
die,rakete,rocket
die,rakete,missile
die,rampe,ramp
die,ranch,ranch
der,rand,rim
der,rang,rank
der,rasen,lawn
die,rast,rest
der,rat,council
die,rate,rate
der,ratgeber,counselor
der,ratschlag,advice
die,ratte,rat
der,rauch,smoke
der,raum,space
die,reaktion,reaction
die,realität,reality
die,rechnung,bill
das,recht,right
die,rede,speech
der,reed,reed
die,referenz,reference
die,reflexion,reflection
das,regal,shelf
das,regal,rack
die,regel,rule
der,regen,rain
der,regenschirm,umbrella
die,regierung,government
die,region,region
das,reh,deer
das,reich,empire
der,reichtum,wealth
die,reichweite,reach
die,reihe,row
die,reihe,series
der,reis,rice
die,reise,trip
die,reise,journey
die,reise,tour
die,reise,travel
der,reisende,traveler
die,reiß,tear
die,relative,relative
das,relief,relief
die,religion,religion
das,rennen,race
das,rennen,running
der,reporter,reporter
der,respekt,respect
die,ressource,resource
das,restaurant,restaurant
die,rezeption,reception
der,rhythmus,rhythm
der,richter,judge
die,richtlinie,policy
die,richtung,direction
der,ring,ring
die,rippe,rib
das,risiko,risk
der,riss,crack
der,ritter,knight
das,ritual,ritual
die,robe,robe
der,roboter,robot
der,rock,skirt
das,rohr,pipe
das,rohr,tube
die,rolle,roll
die,rolle,role
der,rollstuhl,wheelchair
der,roman,novel
die,romantik,romance
die,rose,rose
das,rotkehlchen,robin
die,route,route
die,routine,routine
der,rubin,ruby
der,rucksack,backpack
das,rudel,pack
der,ruf,reputation
die,ruhe,calm
die,ruine,ruin
der,rumpf,hull
die,runde,round
die,runden,lap
die,rutsche,slide
die,rück,rear
der,rücken,back
die,rückkehr,return
die,rüstung,armor
die,saat,seed
der,sack,sack
der,saft,juice
der,salat,salad
das,salz,salt
die,sammlung,collection
der,samt,velvet
der,sand,sand
das,sandwich,sandwich
der,sarg,coffin
der,satellit,satellite
der,sattel,saddle
der,satz,set
der,satz,sentence
der,satz,phrase
die,sauce,sauce
die,sauerstoff,oxygen
der,schaden,damage
der,schaden,harm
das,schaf,sheep
der,schal,scarf
die,schale,bowl
die,schale,tray
der,schalter,switch
die,schande,shame
der,schatten,shadow
die,schattierung,shade
der,schatz,treasure
der,schatz,sweetheart
die,schaufel,shovel
die,schaukel,swing
der,schauspieler,actor
die,schauspielerin,actress
die,scheibe,slice
die,scheidung,divorce
der,scheinwerfer,headlight
die,scheiße,shit
die,scheune,barn
die,schicht,layer
das,schicksal,fate
die,schiene,rail
das,schiff,ship
das,schiff,vessel
das,schild,sign
das,schild,shield
die,schildkröte,turtle
der,schlaf,sleep
der,schlaf,sleeping
die,schlafanzüge,pajamas
das,schlafzimmer,bedroom
der,schlag,blow
der,schlag,hit
der,schlag,punch
der,schlamm,mud
die,schlange,snake
der,schlauch,hose
die,schleife,loop
das,schließfach,locker
das,schloss,lock
die,schlucht,canyon
der,schlüssel,key
der,schlüssel,clue
der,schmerz,pain
der,schmetterling,butterfly
der,schmuck,jewelry
der,schnee,snow
der,schnitt,cut
die,schnur,string
die,schnur,cord
der,schnurrbart,mustache
der,schock,shock
die,schokolade,chocolate
der,schrank,closet
der,schrecken,terror
der,schrei,scream
der,schrei,shout
das,schreiben,writing
der,schreibtisch,desk
der,schritt,step
die,schritt,stride
die,schrotflinte,shotgun
der,schrott,scrap
die,schublade,drawer
der,schuh,shoe
die,schuld,guilt
die,schule,school
die,schulter,shoulder
der,schuppen,shed
der,schuss,shot
der,schutz,protection
die,schwarze,black
der,schweif,tail
das,schwein,pig
der,schweiß,sweat
die,schwerkraft,gravity
das,schwert,sword
die,schwester,sister
die,schwierigkeit,difficulty
die,schwierigkeiten,trouble
das,schwimmbecken,pool
das,schwimmen,swimming
die,schwäche,weakness
der,schädel,skull
die,schönheit,beauty
der,schüler,student
die,schürze,apron
der,see,lake
die,seele,soul
der,seemann,sailor
der,segen,blessing
die,sehenswürdigkeit,sight
die,seide,silk
die,seife,soap
das,seil,rope
das,sein,being
die,seite,side
die,seite,page
die,seitenleiste,sidebar
der,sekretär,secretary
die,sektion,section
die,selbstmord,suicide
der,senator,senator
die,sensation,sensation
die,sequenz,sequence
der,service,service
die,serviette,napkin
der,seufzer,sigh
der,sheriff,sheriff
das,shooting,shooting
die,shorts,shorts
die,show,show
der,shuttle,shuttle
die,sicherheit,security
die,sicherheit,safety
die,sicht,vision
der,sieg,victory
der,sieger,victor
das,signal,signal
das,silber,silver
der,sinn,sense
die,sip,sip
die,sir,sir
die,sirene,siren
die,situation,situation
die,sitzung,session
die,skala,scale
das,skelett,skeleton
das,skript,script
die,slave,slave
der,slip,slip
die,socke,sock
die,soda,soda
das,sofa,couch
das,sofa,sofa
der,sohn,son
der,soldat,soldier
der,sommer,summer
die,sonne,sun
die,sonnenbrille,sunglasses
das,sonnenlicht,sunlight
der,sonnenschein,sunshine
der,sonnenuntergang,sunset
die,sorge,concern
die,sorge,worry
das,spannfutter,chuck
die,spannung,tension
der,spaß,joy
der,spaß,fun
der,speer,spear
das,speicher,storage
der,speisesaal,dining
der,spiegel,mirror
das,spiel,game
das,spiel,play
der,spieler,player
das,spielzeug,toy
die,spinne,spider
die,spitze,top
die,spitze,lace
der,spitzer,peak
der,sport,sport
die,sprache,language
das,spray,spray
die,spur,trace
der,staat,state
die,stadt,city
die,stadt,town
der,stahl,steel
der,stall,stall
der,stamm,tribe
der,stand,stand
der,standard,standard
der,standort,site
die,stange,rod
der,stapel,pile
der,stapel,stack
der,star,starling
die,stare,stare
die,statue,statue
der,status,status
der,staub,dust
das,steak,steak
der,stein,stone
der,stein,boulder
der,stellvertretende,deputy
der,stern,star
die,steuer,tax
das,steuer,steering
der,steuermann,mate
der,stift,pen
der,stift,pin
der,stil,style
die,stille,silence
die,stimme,voice
die,stimmung,mood
die,stimmung,temper
die,stirn,forehead
die,stirn,brow
das,stirnrunzeln,frown
der,stock,stick
der,stock,cane
der,stolz,pride
die,strafe,punishment
der,strahl,ray
der,strahl,beam
der,strahl,jet
der,strand,beach
der,strang,strand
die,straße,street
die,straße,road
die,straße,avenue
die,strecke,track
die,strecke,stretch
der,streifen,strip
der,streifen,streak
der,strohhalm,straw
der,strom,stream
die,struktur,structure
die,strömung,flow
die,studie,trial
das,studio,studio
die,studium,study
der,stuhl,chair
der,stuhl,stool
der,stumpf,stump
die,stunde,hour
der,stundenplan,schedule
der,sturm,storm
der,ständige,standing
die,stärke,strength
das,stück,piece
die,suche,search
die,suite,suite
die,summe,amount
der,sumpf,swamp
die,suppe,soup
das,symbol,symbol
die,sympathie,sympathy
das,system,system
die,szene,scene
der,sänger,singer
der,süden,south
die,sünde,sin
die,süßigkeit,candy
die,tabak,tobacco
die,tafel,board
der,tag,day
das,tagebuch,journal
das,tagebuch,diary
das,tageslicht,daylight
die,taille,waist
das,tal,valley
das,talent,talent
die,tante,aunt
der,tanz,dance
das,tanzen,dancing
die,tasche,pocket
die,taschenlampe,flashlight
das,taschentuch,handkerchief
die,tasse,cup
die,tatsache,fact
die,taube,pigeon
das,taxi,cab
das,taxi,taxi
das,team,team
der,techniker,technician
die,technologie,technology
der,tee,tea
der,teenager,teenager
der,teich,pond
der,teil,part
das,teilen,share
das,telefon,phone
das,telefon,telephone
der,teller,plate
der,tempel,temple
die,temperatur,temperature
der,tennis,tennis
der,teppich,carpet
der,teppich,rug
der,termin,appointment
die,terrasse,patio
das,territorium,territory
der,test,test
zum,teufel,fuck
der,teufel,devil
der,text,text
das,theater,theater
das,thema,subject
das,thema,issue
das,thema,topic
die,theorie,theory
das,ticket,ticket
die,tiefe,depth
das,tier,animal
der,tiger,tiger
die,tinten,ink
der,tisch,table
den,titel,title
die,titelseite,cover
der,toast,toast
die,tochter,daughter
der,tod,death
die,toilette,toilet
die,tomate,tomato
der,ton,tone
der,ton,clay
die,tonhöhe,pitch
der,topf,pot
der,tourist,tourist
die,tradition,tradition
die,tragödie,tragedy
der,trainer,coach
das,training,training
die,trauer,grief
die,trauer,sorrow
der,traum,dream
die,traurigkeit,sadness
das,treffen,meeting
die,treppen,stair
das,treppenhaus,staircase
der,trick,trick
das,trikot,jersey
das,trink,drinking
das,trinkgeld,tip
die,tritt,footstep
die,trommel,drum
die,truppe,troop
der,truthahn,turkey
die,trübung,haze
die,trümmer,debris
das,tshirt,tshirt
der,tunnel,tunnel
der,turm,tower
der,typ,type
die,tänzerin,dancer
die,tätowierung,tattoo
das,töten,killing
die,tür,door
die,türöffnung,doorway
die,ubahn,subway
die,uhr,watch
die,uhr,clock
die,umarmung,hug
die,umgebung,environment
der,umhang,cape
die,umlaufbahn,orbit
der,umschlag,envelope
der,umstand,circumstance
der,unfall,accident
der,unglaube,disbelief
das,unglück,disaster
die,uniform,uniform
die,union,union
die,universität,university
das,universum,universe
das,unkraut,weed
die,unordnung,mess
der,unsinn,nonsense
der,unterarm,forearm
die,unterhaltung,conversation
das,unternehmen,company
der,unterricht,lesson
der,unterschied,difference
die,unterstützung,support
die,unterwäsche,underwear
der,urheberrechts,copyright
der,urlaub,holiday
den,urlaub,vacation
der,urlaub,leave
der,ursprung,root
das,urteil,judgment
der,vampir,vampire
der,van,van
der,vater,father
der,vater,dad
die,vene,vein
die,verantwortung,responsibility
die,verbindung,connection
das,verbrechen,crime
der,verdacht,suspicion
die,vereinbarung,arrangement
die,vereinbarung,agreement
das,verfahren,procedure
der,verfasser,writer
die,vergangenheit,past
der,vergnügungspark,amusement
das,verhalten,behavior
das,verhältnis,relationship
der,verkauf,sale
der,verkehr,traffic
das,verlangen,desire
die,verlegenheit,embarrassment
die,verletzung,injury
der,verlust,loss
die,vermutung,guess
das,versagen,failure
die,versammlung,gathering
die,verschiebung,shift
die,versicherung,insurance
die,version,version
die,versorgung,supply
das,versprechen,promise
das,verständnis,understanding
der,versuch,attempt
die,verteidigung,defense
der,vertrag,contract
das,vertrauen,confidence
das,vertrauen,trust
die,verwendung,use
die,verwirrung,confusion
die,verzweiflung,despair
das,video,video
das,vieh,cattle
die,vielfalt,variety
das,viertel,quarter
das,viertel,district
die,villa,mansion
das,violett,violet
der,vogel,bird
das,volk,people
die,volks,folk
das,volumen,volume
dem,vorabend,eve
der,vorfahr,ancestor
der,vorfall,incident
die,vorhalle,porch
das,vorhandensein,presence
der,vormarsch,advance
der,vorschlag,suggestion
die,vorstellung,notion
der,vorteil,advantage
der,vorteil,benefit
der,vortrag,lecture
der,wachtmeister,sergeant
die,waffe,gun
die,waffe,weapon
der,wagen,wagon
der,wagen,cart
der,wagen,carriage
die,wahl,choice
die,wahrheit,truth
der,wal,whale
der,wald,forest
der,wanderer,walker
das,wandern,walk
die,wange,cheek
die,wanne,tub
das,warenhaus,warehouse
die,warnung,warning
die,warte,waiting
das,waschbecken,sink
das,wasser,water
der,wasserhahn,tap
der,wechsel,change
den,wecker,alarm
der,weg,way
das,weibchen,female
das,weihnachtslied,carol
der,wein,wine
das,weinen,cry
das,weinen,crying
der,weinstock,vine
die,weisheit,wisdom
das,weiß,white
die,welle,wave
die,welle,shaft
der,welpe,puppy
die,welt,world
die,wende,turn
das,werkzeug,tool
der,wert,value
der,wert,worth
der,westen,west
das,wetter,weather
der,whisky,whiskey
die,wiese,meadow
der,wille,will
der,wind,wind
die,windschutzscheibe,windshield
der,winkel,angle
der,winter,winter
die,wirbelsäule,spine
das,wissen,knowledge
die,wissenschaft,science
der,wissenschaftler,scientist
die,witwe,widow
der,witz,joke
der,witz,wit
die,woche,week
das,wochenende,weekend
das,wohl,sake
die,wohnung,apartment
das,wohnzimmer,parlor
das,wohnzimmer,lounge
der,wolf,wolf
die,wolke,cloud
die,wolle,wool
das,wort,word
der,wulst,bead
die,wunde,wound
das,wunder,wonder
das,wunder,miracle
der,wunsch,wish
der,wurm,worm
die,wut,anger
die,wut,rage
die,wut,fury
der,wächter,guard
die,wärme,warmth
die,wäsche,laundry
der,würfel,cube
die,wüste,desert
die,zahlung,pay
der,zahn,tooth
der,zauber,spell
der,zauberer,wizard
der,zaun,fence
die,zehe,toe
die,zeichnung,drawing
die,zeit,time
die,zeitung,newspaper
die,zelle,cell
das,zelt,tent
das,zentrum,center
die,zeremonie,ceremony
das,zeug,stuff
der,zeuge,witness
die,ziege,goat
die,ziegel,brick
das,ziel,target
das,ziel,goal
das,ziel,destination
das,zifferblatt,dial
die,zigarette,cigarette
die,zigarre,cigar
das,zimmer,room
die,zivilisation,civilization
die,zone,zone
der,zucker,sugar
die,zuflucht,shelter
die,zufriedenheit,satisfaction
der,zug,train
die,zugehörigkeit,affiliation
die,zugriffs,access
das,zuhause,home
die,zukunft,future
die,zunge,tongue
die,zuordnung,assignment
der,zuschuss,grant
der,zweifel,doubt
der,zweite,second
das,zwielicht,twilight
der,zwilling,twin
der,zähler,counter
die,zählung,count
die,öffentlichenverkehrsmittel,publictransport
die,öffentlichkeit,public
das,öl,oil
die,überprüfung,review
die,überraschung,surprise
die,übung,practice
die,übung,exercise
